ParkID,Year,AvgAttend
1,1966,17288
1,1967,15876
1,1968,12666
1,1969,9363
1,1970,13305
1,1971,11437
1,1972,9302
1,1973,13064
1,1974,11324
1,1975,13064
1,1976,12429
1,1977,17687
1,1978,21671
1,1979,31155
1,1980,28362
1,1981,26695
1,1982,34659
1,1983,31543
1,1984,29667
1,1985,32499
1,1986,32389
1,1987,33288
1,1988,28900
1,1989,32683
1,1990,31552
1,1991,29830
1,1992,25499
1,1993,25401
1,1994,24010
1,1995,24287
1,1996,22476
1,1997,21553
1,1998,31102
1,1999,27816
1,2000,25518
1,2001,24703
1,2002,28464
1,2003,37330
1,2004,41675
1,2005,42033
1,2006,42059
1,2007,41551
1,2008,41194
1,2009,40005
1,2010,40134
1,2011,39090
1,2012,37800
1,2013,37278
1,2014,38221
1,2015,37195
1,2016,37236
1,2017,37279
1,2018,37287
1,2019,37321
1,2021,18484
1,2022,30339
1,2023,32600
1,2024,31822
1,2025,32290
2,1965,26561
2,1966,23112
2,1967,16646
2,1968,16208
2,1969,17815
2,1970,15475
2,1971,15575
2,1972,19081
2,1973,17210
2,1974,13466
2,1975,10593
2,1976,10807
2,1977,13698
2,1978,13903
2,1979,23461
2,1980,28126
2,1981,25907
2,1982,19241
2,1983,16487
2,1984,15183
2,1985,14621
2,1986,21411
2,1987,23579
2,1988,23870
2,1989,22377
2,1990,16184
2,1991,14767
2,1992,14956
2,1993,25736
2,1994,26460
2,1995,18942
2,1996,24394
2,1997,25269
2,1998,30351
2,1999,33000
3,1968,10090
3,1969,9608
3,1970,9609
3,1971,11296
3,1972,11965
3,1973,12355
3,1974,10441
3,1975,13278
3,1976,9637
3,1977,6119
3,1978,6587
3,1979,3787
3,1980,10398
3,1981,23287
3,1982,21426
3,1983,15987
3,1984,16707
3,1985,16894
3,1986,15839
3,1987,20727
3,1988,28239
3,1989,32929
3,1990,35805
3,1991,33500
3,1992,30792
3,1993,25124
3,1994,22191
3,1995,16310
3,1996,14178
3,1997,15608
3,1998,15214
3,1999,17711
3,2000,19799
3,2001,26337
3,2002,26788
3,2003,27365
3,2004,27179
3,2005,26038
3,2006,24403
3,2007,23726
3,2008,20559
3,2009,17392
3,2010,17511
3,2011,18232
3,2012,20729
3,2013,22337
3,2014,24736
3,2015,21829
3,2016,18784
3,2017,18219
3,2018,19427
3,2019,20626
3,2021,8660
3,2022,9849
3,2023,10276
3,2024,11386
4,1989,41678
4,1990,47966
4,1991,49402
4,1992,49732
4,1993,50098
4,1994,49287
4,1995,39257
4,1996,31600
4,1997,31967
4,1998,30300
4,1999,26709
4,2000,21058
4,2001,23359
4,2002,20221
4,2003,22216
4,2004,23457
4,2005,24876
4,2006,28422
4,2007,29144
4,2008,29627
4,2009,23162
4,2010,19173
4,2011,22446
4,2012,25922
4,2013,31316
4,2014,29327
4,2015,34505
4,2016,41878
4,2017,39554
4,2018,28707
4,2019,21607
4,2021,10074
4,2022,32763
4,2023,37307
4,2024,33102
4,2025,35184
5,1966,18778
5,1967,17151
5,1968,13908
5,1969,18004
5,1970,13319
5,1971,12272
5,1972,9654
5,1973,9885
5,1974,12112
5,1975,6683
5,1976,10101
5,1977,10771
5,1978,11167
5,1979,9740
5,1980,13105
5,1981,10708
5,1982,22247
5,1983,26499
5,1984,21295
5,1985,16668
5,1986,17126
5,1987,15030
5,1988,10735
5,1989,12467
5,1990,12100
5,1991,26422
5,1992,37993
5,1993,47960
5,1994,46168
5,1995,35581
5,1996,35818
6,1953,23119
6,1954,27680
6,1955,26050
6,1956,26576
6,1957,28403
6,1958,25599
6,1959,22141
6,1960,19452
6,1961,14304
6,1962,9468
6,1963,9427
6,1964,11246
6,1965,6859
6,1970,11527
6,1971,8921
6,1972,7601
6,1973,13483
6,1974,11799
6,1975,14980
6,1976,12496
6,1977,13765
6,1978,19770
6,1979,23683
6,1980,22651
6,1981,17843
6,1982,24133
6,1983,29594
6,1984,19858
6,1985,17003
6,1986,15813
6,1987,23571
6,1988,23744
6,1989,24330
6,1990,21641
6,1991,18484
6,1992,22930
6,1993,20840
6,1994,22650
6,1995,15105
6,1996,16385
6,1997,18050
6,1998,22365
6,1999,21272
6,2000,19427
7,1953,3860
7,1953,11285
7,1954,13503
7,1955,11028
7,1956,13202
7,1957,15371
7,1958,13815
7,1959,12077
7,1960,14242
7,1961,10965
7,1962,11776
7,1963,14451
7,1964,14115
7,1965,15323
7,1966,21148
7,1967,25804
7,1968,24829
7,1969,21035
7,1970,20120
7,1971,19569
7,1972,15544
7,1973,19433
7,1974,22696
7,1975,20674
7,1976,14902
7,1977,19991
7,1978,15780
7,1979,19845
7,1980,17101
7,1981,19061
7,1982,26073
7,1983,28616
7,1984,25154
7,1985,32563
7,1986,30518
7,1987,37927
7,1988,35714
7,1989,37120
7,1990,31768
7,1991,29151
7,1992,29858
7,1993,35123
7,1994,33331
7,1995,24399
8,1916,5743
8,1917,4678
8,1918,4558
8,1919,5978
8,1920,6244
8,1921,5396
8,1922,7135
8,1923,9139
8,1924,9191
8,1925,8086
8,1926,11347
8,1927,14861
8,1928,14854
8,1929,19041
8,1930,18527
8,1931,14109
8,1932,12658
8,1933,7520
8,1934,9189
8,1935,8995
8,1936,9083
8,1937,11475
8,1938,12359
8,1939,9083
8,1940,6946
8,1941,7080
8,1942,7577
8,1943,6777
8,1944,8207
8,1945,13637
8,1946,17441
8,1947,17266
8,1948,15869
8,1949,14846
8,1950,14948
8,1951,11616
8,1952,13309
8,1953,9918
8,1954,9717
8,1955,11374
8,1956,9001
8,1957,8598
8,1958,12726
8,1959,11146
8,1960,10250
8,1961,8629
8,1962,7528
8,1963,12093
8,1964,9280
8,1965,7727
8,1966,7851
8,1967,11634
8,1968,12725
8,1969,20427
8,1970,20534
8,1971,20407
8,1972,16872
8,1973,16896
8,1974,12536
8,1975,12776
8,1976,12669
8,1977,17776
8,1978,18601
8,1979,20353
8,1980,14898
8,1981,9752
8,1982,15423
8,1983,18268
8,1984,26346
8,1985,26686
8,1986,23239
8,1987,25439
8,1988,25476
8,1989,30765
8,1990,27701
8,1991,27883
8,1992,26256
8,1993,32363
8,1994,31275
8,1995,26643
8,1996,27396
8,1997,27041
8,1998,31990
8,1999,34739
8,2000,34438
8,2001,34314
8,2002,33248
8,2003,36576
8,2004,38660
8,2005,38272
8,2006,38558
8,2007,40154
8,2008,40743
8,2009,39611
8,2010,37814
8,2011,37259
8,2012,35590
8,2013,32626
8,2014,32742
8,2015,36039
8,2016,39906
8,2017,39501
8,2018,38794
8,2019,38208
8,2021,24431
8,2022,32306
8,2023,34261
8,2024,35923
8,2025,37259
9,1962,14124
9,1962,33195
9,1963,10136
9,1963,31341
9,1964,9388
9,1964,27515
9,1965,7084
9,1965,31526
9,1966,32309
9,1967,20548
9,1968,19520
9,1969,22031
9,1970,20952
9,1971,25489
9,1972,24811
9,1973,26373
9,1974,32500
9,1975,31350
9,1976,29461
9,1977,36483
9,1978,41331
9,1979,35320
9,1980,39625
9,1981,42523
9,1982,44554
9,1983,43879
9,1984,38702
9,1985,40304
9,1986,37324
9,1987,34536
9,1988,36793
9,1989,36354
9,1990,37067
9,1991,41335
9,1992,30534
9,1993,39141
9,1994,41443
9,1995,38420
9,1996,39364
9,1997,40982
9,1998,38139
9,1999,38214
9,2000,35559
9,2001,37249
9,2002,38657
9,2003,38748
9,2004,43065
9,2005,44489
9,2006,46402
9,2007,47618
9,2008,46056
9,2009,46440
9,2010,43979
9,2011,36236
9,2012,41040
9,2013,46216
9,2014,46696
9,2015,46479
9,2016,45720
9,2017,46492
9,2018,47043
9,2019,49066
9,2021,34626
9,2022,47672
9,2023,47371
9,2024,48657
9,2025,49537
10,1977,17701
10,1978,17838
10,1979,25953
10,1980,27602
10,1981,27403
10,1982,28621
10,1983,28650
10,1984,19834
10,1985,18549
10,1986,14112
10,1987,22844
10,1988,18255
10,1989,22019
10,1990,16952
10,1991,13746
10,1992,20607
10,1993,20265
10,1994,24543
10,1995,18189
10,1996,19959
10,1997,18489
10,1998,11295
10,1999,9547
10,2000,11435
10,2001,7935
10,2002,10025
10,2003,12662
10,2004,9369
11,1960,23316
11,1961,18061
11,1962,19422
11,1963,19399
11,1964,18572
11,1965,19087
11,1966,20459
11,1967,15152
11,1968,10336
11,1969,10785
11,1970,9145
11,1971,13655
11,1972,8412
11,1973,10299
11,1974,6420
11,1975,6456
11,1976,7739
11,1977,8643
11,1978,21487
11,1979,17980
11,1980,13532
11,1981,11930
11,1982,14827
11,1983,15451
11,1984,12365
11,1985,10107
11,1986,18873
11,1987,23669
11,1988,22041
11,1989,25428
11,1990,24389
11,1991,21450
11,1992,19272
11,1993,32177
11,1994,28410
11,1995,17243
11,1996,17243
11,1997,20875
11,1998,23770
11,1999,25659
12,1932,6090
12,1933,5038
12,1936,6178
12,1937,7242
12,1938,8579
12,1939,7324
12,1940,11007
12,1941,9688
12,1942,5743
12,1943,5700
12,1944,6093
12,1945,7249
12,1946,13731
12,1947,19513
12,1948,33172
12,1949,29010
12,1950,22435
12,1951,22143
12,1952,18761
12,1953,13707
12,1954,17344
12,1955,15867
12,1956,11240
12,1957,9380
12,1958,8734
12,1959,19454
12,1960,12350
12,1961,8957
12,1962,8840
12,1963,6945
12,1964,7967
12,1965,11400
12,1966,11153
12,1967,8185
12,1968,10593
12,1969,7654
12,1970,9009
12,1971,7301
12,1972,8134
12,1973,7594
12,1974,13756
12,1975,12213
12,1976,12010
12,1977,11116
12,1978,10264
12,1979,12489
12,1980,13086
12,1981,12248
12,1982,12889
12,1983,9493
12,1984,9063
12,1985,8089
12,1986,18170
12,1987,13307
12,1988,17427
12,1989,15871
12,1990,15126
12,1991,12828
12,1992,15112
12,1993,26888
13,1977,16525
13,1978,10833
13,1979,10425
13,1980,10324
13,1981,11163
13,1982,13215
13,1983,10044
13,1984,10745
13,1985,13599
13,1986,12549
13,1987,14003
13,1988,12622
13,1989,16030
13,1990,18639
13,1991,26517
13,1992,20387
13,1993,25341
13,1994,25096
13,1995,22510
13,1996,33628
13,1997,39410
13,1998,32735
13,1999,36004
14,1964,21129
14,1965,21566
14,1966,23860
14,1967,20070
14,1968,21728
14,1969,26529
14,1970,32896
14,1971,27984
14,1972,27361
14,1973,23610
14,1974,21262
14,1974,15717
14,1975,21365
14,1975,16513
14,1976,17912
14,1977,13504
14,1978,12592
14,1979,9621
14,1980,14537
14,1981,13543
14,1982,16334
14,1983,13570
14,1984,22749
14,1985,34094
14,1986,34168
14,1987,37458
14,1988,38193
14,1989,36033
14,1990,33738
14,1991,27860
14,1992,21970
14,1993,23126
14,1994,21726
14,1995,17683
14,1996,19609
14,1997,21805
14,1998,28246
14,1999,33650
14,2000,34821
14,2001,32819
14,2002,34628
14,2003,26757
14,2004,28629
14,2005,34937
14,2006,41723
14,2007,47580
14,2008,49902
15,1954,13778
15,1955,10785
15,1956,11704
15,1957,13371
15,1958,10641
15,1959,11435
15,1960,15427
15,1961,11599
15,1962,9637
15,1963,9560
15,1964,13612
15,1965,9894
15,1966,15232
15,1967,12403
15,1968,11800
15,1969,13112
15,1970,13050
15,1971,13286
15,1972,11688
15,1973,11835
15,1974,11884
15,1975,13015
15,1976,13069
15,1977,14763
15,1978,12984
15,1979,21279
15,1980,22191
15,1981,18623
15,1982,19671
15,1983,25211
15,1984,25257
15,1985,26326
15,1986,24977
15,1987,22386
15,1988,20759
15,1989,31299
15,1990,30190
15,1991,31515
16,1981,9439
16,1982,19846
16,1983,18778
16,1984,24493
16,1985,27288
16,1986,22293
16,1987,17951
16,1988,18604
16,1989,24803
16,1990,22918
16,1991,22275
16,1992,21252
16,1993,16981
16,1994,16734
16,1995,14470
16,1996,27011
16,1997,25794
16,1998,31554
16,1999,31155
16,2000,29043
16,2001,29360
16,2002,27415
16,2003,25063
17,1971,18657
17,1972,17004
17,1973,18221
17,1974,22329
17,1975,23571
17,1976,30619
17,1977,33334
17,1978,31505
17,1979,34259
17,1980,32736
17,1981,29795
17,1982,29338
17,1983,25955
17,1984,25465
17,1985,22597
17,1986,24167
17,1987,25927
17,1988,24568
17,1989,22987
17,1990,24599
17,1991,24699
17,1992,23796
17,1993,38737
17,1994,38183
17,1995,28383
17,1996,22243
17,1997,18403
17,1998,21182
17,1999,22535
17,2000,19911
17,2001,22001
17,2002,20231
17,2003,27901
18,1971,18764
18,1972,18301
18,1973,16295
18,1974,13711
18,1975,15875
18,1976,12666
18,1977,15276
18,1978,11903
18,1979,17722
18,1980,20330
18,1981,10623
18,1982,12643
18,1983,15135
18,1984,9549
18,1985,9199
18,1986,12357
18,1987,14336
18,1988,23046
18,1989,16965
18,1990,25308
18,1991,24587
18,1992,22585
18,1993,20378
18,1994,20041
18,1995,12577
18,1996,16652
18,1997,20457
18,1998,19271
18,1999,20223
18,2000,21591
19,1972,8610
19,1973,8470
19,1974,14924
19,1975,14099
19,1976,14382
19,1977,15441
19,1978,17658
19,1979,18761
19,1980,14977
19,1981,15180
19,1982,14252
19,1983,16833
19,1984,13781
19,1985,13906
19,1986,20889
19,1987,21766
19,1988,19530
19,1989,25234
19,1990,25096
19,1991,28367
19,1992,27139
19,1993,27711
20,1971,18532
20,1972,21203
20,1973,24909
20,1974,26394
20,1975,28588
20,1976,32466
20,1977,31107
20,1978,31656
20,1979,29462
20,1980,24664
20,1981,20254
20,1982,16377
20,1983,14697
20,1984,15752
20,1985,22650
20,1986,20894
20,1987,26978
20,1988,25907
20,1989,24436
20,1990,29641
20,1991,29289
20,1992,28592
20,1993,30287
20,1994,31628
20,1995,25523
20,1996,22981
20,1997,22047
20,1998,22144
20,1999,25137
20,2000,31431
20,2001,23207
20,2002,22911
21,1912,7655
21,1913,5829
21,1914,6093
21,1915,7104
21,1916,6364
21,1917,4848
21,1918,3564
21,1919,6323
21,1920,5295
21,1921,3627
21,1922,3550
21,1923,2945
21,1924,5825
21,1925,3570
21,1926,3703
21,1927,3914
21,1928,5364
21,1929,5059
21,1930,5843
21,1931,4387
21,1932,2366
21,1933,3732
21,1934,7930
21,1935,7070
21,1936,8141
21,1937,7563
21,1938,8619
21,1939,7641
21,1940,9066
21,1941,9331
21,1942,9485
21,1943,4653
21,1944,6500
21,1945,7741
21,1946,18166
21,1947,17621
21,1948,19985
21,1949,20736
21,1950,17456
21,1951,17497
21,1952,14490
21,1953,13502
21,1954,11786
21,1955,15426
21,1956,14579
21,1957,15339
21,1958,13988
21,1959,12781
21,1960,14674
21,1961,10373
21,1962,9279
21,1963,11783
21,1964,10905
21,1965,8052
21,1966,10014
21,1967,21331
21,1968,23960
21,1969,22633
21,1970,19695
21,1971,20984
21,1972,18484
21,1973,18284
21,1974,19215
21,1975,21587
21,1976,23406
21,1977,25932
21,1978,28301
21,1979,29414
21,1980,24149
21,1981,20007
21,1982,24076
21,1983,22004
21,1984,20514
21,1985,22057
21,1986,26514
21,1987,27894
21,1988,30430
21,1989,30988
21,1990,31222
21,1991,31635
21,1992,30476
21,1993,29901
21,1994,27747
21,1995,30061
21,1996,28583
21,1997,27483
21,1998,28577
21,1999,30200
21,2000,31925
21,2001,32412
21,2002,32727
21,2003,33632
21,2004,35028
21,2005,35159
21,2006,36180
21,2007,36676
21,2008,37633
21,2009,37811
21,2010,37610
21,2011,37704
21,2012,37568
21,2013,34979
21,2014,36495
21,2015,35564
21,2016,36487
21,2017,36021
21,2018,35748
21,2019,35994
21,2021,21300
21,2022,32409
21,2023,32989
21,2024,32839
21,2025,34278
22,1973,16609
22,1974,14485
22,1975,14220
22,1976,20744
22,1977,22872
22,1978,27846
22,1979,27924
22,1980,28256
22,1981,27221
22,1982,28203
22,1983,23950
22,1984,22346
22,1985,26375
22,1986,28652
22,1987,29537
22,1988,29377
22,1989,30589
22,1990,27716
22,1991,26686
22,1992,23058
22,1993,23884
22,1994,23737
22,1995,17132
22,1996,17950
22,1997,18970
22,1998,18686
22,1999,18826
22,2000,19319
22,2001,18968
22,2002,16334
22,2003,22249
22,2004,20768
22,2005,16928
22,2006,16946
22,2007,19961
22,2008,19493
22,2009,22196
22,2010,19942
22,2011,21290
22,2012,21480
22,2013,21614
22,2014,24154
22,2015,33439
22,2016,31577
22,2017,27412
22,2018,20557
22,2019,18267
22,2021,14316
22,2022,15774
22,2023,16136
22,2024,20473
22,2025,21590
23,1912,5301
23,1913,5243
23,1914,5336
23,1915,6183
23,1916,8010
23,1917,6017
23,1918,3512
23,1919,9197
23,1920,7431
23,1921,8591
23,1922,11184
23,1923,11836
23,1924,13015
23,1925,10659
23,1926,8789
23,1927,9919
23,1928,6160
23,1929,11290
23,1930,8326
23,1931,5637
23,1932,5092
23,1933,4115
23,1934,11490
23,1935,13100
23,1936,11376
23,1937,13926
23,1938,10121
23,1939,10722
23,1940,14085
23,1941,8895
23,1942,7534
23,1943,7773
23,1944,11836
23,1945,16847
23,1946,21805
23,1947,17476
23,1948,22637
23,1949,23349
23,1950,24092
23,1951,14710
23,1952,13336
23,1953,11198
23,1954,14024
23,1955,15349
23,1956,13477
23,1957,16524
23,1958,14272
23,1959,15860
23,1960,15165
23,1961,19521
23,1962,14730
23,1963,10148
23,1964,9953
23,1965,12712
23,1966,13880
23,1967,17648
23,1968,25085
23,1969,19475
23,1970,18534
23,1971,19643
23,1972,24261
23,1973,21286
23,1974,15347
23,1975,13235
23,1976,18338
23,1977,16788
23,1978,21172
23,1979,20387
23,1980,21772
23,1981,20894
23,1982,20198
23,1983,22588
23,1984,32985
23,1985,28230
23,1986,23450
23,1987,25455
23,1988,25693
23,1989,19057
23,1990,18466
23,1991,20267
23,1992,17800
23,1993,24339
23,1994,20427
23,1995,16402
23,1996,14427
23,1997,16854
23,1998,17400
23,1999,25018
24,1982,11373
24,1983,10604
24,1984,19737
24,1985,19664
24,1986,15499
24,1987,25703
24,1988,37416
24,1989,28117
24,1990,21624
24,1991,28319
24,1992,30647
24,1993,25292
24,1994,23704
24,1995,14690
24,1996,17529
24,1997,17421
24,1998,14395
24,1999,14850
24,2000,12355
24,2001,22011
24,2002,23759
24,2003,24025
24,2004,23599
24,2005,25114
24,2006,28210
24,2007,28350
24,2008,28425
24,2009,29466
25,1911,7477
25,1912,7721
25,1913,8370
25,1914,5794
25,1915,6829
25,1916,8830
25,1917,8665
25,1918,3484
25,1919,8960
25,1920,10825
25,1921,7060
25,1922,7829
25,1923,7650
25,1924,7879
25,1925,10808
25,1926,8992
25,1927,8192
25,1928,6335
25,1929,5616
25,1930,5207
25,1931,5241
25,1932,3029
25,1933,5166
25,1934,3154
25,1935,6108
25,1936,5877
25,1937,7653
25,1938,4634
25,1939,7716
25,1940,8466
25,1941,8571
25,1942,6082
25,1943,6697
25,1944,7319
25,1945,8892
25,1946,12448
25,1947,11693
25,1948,10235
25,1949,12171
25,1950,9890
25,1951,17029
25,1952,15591
25,1953,15274
25,1954,15790
25,1955,15269
25,1956,12988
25,1957,14749
25,1958,10357
25,1959,18245
25,1960,21357
25,1961,14148
25,1962,13970
25,1963,14132
25,1964,15433
25,1965,13957
25,1966,12222
25,1967,12020
25,1968,9923
25,1969,7278
25,1970,5897
25,1971,10295
25,1972,15094
25,1973,16081
25,1974,14019
25,1975,9269
25,1976,11437
25,1977,20458
25,1978,18639
25,1979,16211
25,1980,14819
25,1981,19319
25,1982,19597
25,1983,26331
25,1984,26383
25,1985,20616
25,1986,17584
25,1987,14914
25,1988,13775
25,1989,13071
25,1990,25029
25,1991,36224
25,1992,32697
25,1993,31865
25,1994,32026
25,1995,22358
25,1996,20696
25,1997,23022
25,1998,16965
25,1999,16529
25,2000,24047
25,2001,21805
25,2002,20703
26,1923,13251
26,1924,13507
26,1925,8826
26,1926,13702
26,1927,15117
26,1928,13924
26,1929,12469
26,1930,15385
26,1931,11850
26,1932,12498
26,1933,9707
26,1934,11100
26,1935,8885
26,1936,12687
26,1937,12635
26,1938,12290
26,1939,11166
26,1940,13013
26,1941,12368
26,1942,11974
26,1943,8030
26,1944,10128
26,1945,11603
26,1946,29422
26,1947,28298
26,1948,30830
26,1949,29278
26,1950,27031
26,1951,25001
26,1952,21164
26,1953,19972
26,1954,18912
26,1955,19352
26,1956,19374
26,1957,19443
26,1958,18313
26,1959,20156
26,1960,21134
26,1961,21577
26,1962,18670
26,1963,16362
26,1964,16119
26,1965,14621
26,1966,13715
26,1967,15360
26,1968,14459
26,1969,13350
26,1970,14036
26,1971,13219
26,1972,12550
26,1973,15582
26,1976,25155
26,1977,25964
26,1978,28838
26,1979,31330
26,1980,32437
26,1981,31654
26,1982,25200
26,1983,27876
26,1984,22492
26,1985,27682
26,1986,28350
26,1987,29971
27,1958,23968
27,1959,26552
27,1960,29271
27,1961,23432
28,1962,11274
28,1963,8883
28,1964,8960
29,1909,8880
29,1910,7550
29,1911,8077
29,1912,6723
29,1913,7525
29,1914,4444
29,1915,1976
29,1916,2427
29,1917,2914
29,1918,2617
29,1919,3217
29,1920,3739
29,1921,4473
29,1922,5453
29,1923,7122
29,1924,7093
29,1925,11295
29,1926,10063
29,1927,7864
29,1928,8958
29,1929,11340
29,1930,9496
29,1931,8366
29,1932,5266
29,1933,3910
29,1934,4024
29,1935,3239
29,1936,3704
29,1937,5452
29,1938,5070
29,1939,5198
29,1939,3756
29,1940,6087
29,1940,2622
29,1941,6869
29,1941,3045
29,1942,5572
29,1942,3111
29,1943,4769
29,1943,5987
29,1944,6649
29,1944,4678
29,1945,6008
29,1945,3702
29,1946,7972
29,1946,13401
29,1947,11687
29,1947,11784
29,1948,12274
29,1948,10098
29,1949,10604
29,1949,10645
29,1950,4023
29,1950,15603
29,1951,5892
29,1951,12177
29,1952,8040
29,1952,9940
29,1953,4642
29,1953,10944
29,1954,3957
29,1954,9474
29,1955,11986
29,1956,12140
29,1957,14695
29,1958,12092
29,1959,10293
29,1960,11197
29,1961,7565
29,1962,9525
29,1963,11199
29,1964,17604
29,1965,14580
29,1966,13681
29,1967,10361
29,1968,8204
29,1969,6413
29,1970,8853
30,1977,21263
30,1978,19291
30,1979,17675
30,1980,17288
30,1981,14247
30,1982,15753
30,1983,23832
30,1984,26049
30,1985,30862
30,1986,30315
30,1987,34302
30,1988,32039
33,1902,3730
33,1903,5434
33,1904,4078
33,1905,4293
33,1906,5120
33,1907,5513
33,1908,7935
33,1909,4636
33,1910,3163
33,1911,2666
33,1912,2710
33,1913,3251
33,1914,3021
33,1915,1978
33,1916,4250
33,1917,2699
33,1918,2303
33,1919,4991
33,1920,5376
33,1921,4623
33,1921,4933
33,1922,9259
33,1922,6974
33,1923,5517
33,1923,4340
33,1924,6838
33,1924,3544
33,1925,5935
33,1925,5328
33,1926,3595
33,1926,8461
33,1927,3178
33,1927,9367
33,1928,4409
33,1928,9891
33,1929,3645
33,1929,5193
33,1930,1950
33,1930,6604
33,1931,2326
33,1931,7802
33,1932,1501
33,1932,3534
33,1933,1144
33,1933,3327
33,1934,1517
33,1934,4222
33,1935,1065
33,1935,6573
33,1936,1211
33,1936,5819
33,1937,1578
33,1937,5385
33,1938,1694
33,1938,3598
33,1939,1399
33,1939,5066
33,1940,3112
33,1940,4209
33,1941,2231
33,1941,8021
33,1942,3320
33,1942,7097
33,1943,2784
33,1943,6384
33,1944,6606
33,1944,6000
33,1945,6355
33,1945,7623
33,1946,6837
33,1946,13613
33,1947,4162
33,1947,16207
33,1948,4415
33,1948,14434
33,1949,3519
33,1949,18110
33,1950,3340
33,1950,14387
33,1951,3815
33,1951,12828
33,1952,6651
33,1952,11859
34,1913,4506
34,1914,1553
34,1915,3818
34,1916,5740
34,1917,2841
34,1918,1552
34,1919,5153
34,1920,10368
34,1921,7862
34,1922,6396
34,1923,7239
34,1924,10635
34,1925,8564
34,1926,8563
34,1927,8611
34,1928,8635
34,1929,9505
34,1930,14251
34,1931,9910
34,1932,8741
34,1933,6585
34,1934,5639
34,1935,6111
34,1936,6198
34,1937,6348
34,1938,8961
34,1939,12252
34,1940,12049
34,1941,15379
34,1942,13136
34,1943,8594
34,1944,7869
34,1945,13580
34,1946,22745
34,1947,23173
34,1948,17935
34,1949,20945
34,1950,15204
34,1951,16444
34,1952,13609
34,1953,14916
34,1954,13254
34,1955,13423
34,1956,15761
34,1957,13354
35,1969,14970
35,1970,17809
35,1971,16137
35,1972,14643
35,1973,15393
35,1974,12739
35,1975,11213
35,1976,8084
36,1923,10659
36,1924,10962
36,1925,10250
36,1926,9215
36,1927,11597
36,1928,11899
36,1929,11283
36,1930,11282
36,1931,10412
36,1932,6297
36,1933,7850
36,1934,9745
36,1935,9478
36,1936,10743
36,1937,12358
36,1938,10954
36,1939,9493
36,1940,9840
36,1941,9783
36,1942,9869
36,1943,6053
36,1944,8993
36,1945,13032
36,1946,15843
36,1947,21063
36,1948,18952
36,1949,15423
36,1950,13275
36,1951,13584
36,1952,12791
36,1953,10539
36,1954,15198
36,1955,10432
36,1956,8171
36,1957,8493
36,1962,11532
36,1963,13335
37,1912,4468
37,1913,3308
37,1914,1309
37,1915,2771
37,1916,3366
37,1917,3363
37,1918,2296
37,1919,7607
37,1920,7378
37,1921,4095
37,1922,6250
37,1923,7373
37,1924,6233
37,1925,6117
37,1926,8740
37,1927,5527
37,1928,6288
37,1929,3783
37,1930,5022
37,1931,3420
37,1932,4636
37,1933,2763
37,1934,2651
37,1935,5898
37,1936,6136
37,1937,5140
37,1938,9179
37,1939,12117
37,1940,11041
37,1941,8146
37,1942,5546
37,1943,4861
37,1944,5251
37,1945,3767
37,1946,9295
37,1947,11688
37,1948,10693
37,1949,9074
37,1950,7089
37,1951,7640
37,1952,7847
37,1953,7027
37,1954,9145
37,1955,9009
37,1956,14622
37,1957,13907
37,1958,10241
37,1959,10406
37,1960,8617
37,1961,14514
37,1962,12125
37,1963,10603
37,1964,10518
37,1965,12936
37,1966,9405
37,1967,11831
37,1968,8943
37,1969,12197
37,1970,22266
38,1962,9122
38,1963,6695
38,1964,7409
38,1965,6915
38,1966,7388
38,1967,9636
38,1968,6749
38,1969,11335
38,1970,10183
38,1971,8088
38,2005,33728
38,2006,26581
38,2007,23998
39,1961,15515
39,1962,17477
39,1963,17366
39,1964,14726
39,1965,18065
39,1966,15548
39,1967,18315
39,1968,14114
39,1969,16658
39,1970,15579
39,1971,11910
39,1972,10782
39,1973,11204
39,1974,8078
39,1975,8990
39,1976,8832
39,1977,14534
39,1978,9727
39,1979,13216
39,1980,9615
39,1981,7690
40,1910,5745
40,1911,5538
40,1912,5120
40,1913,3747
40,1914,1813
40,1915,2858
40,1916,3707
40,1917,2441
40,1918,3009
40,1919,3954
40,1920,5500
40,1921,9231
40,1922,6714
40,1923,7936
40,1924,9570
40,1925,10446
40,1926,10108
40,1927,11009
40,1928,6429
40,1929,6465
40,1930,4647
40,1931,3338
40,1932,3780
40,1933,3750
40,1934,4136
40,1935,4583
40,1936,4902
40,1937,5893
40,1938,8218
40,1939,4893
40,1940,6772
40,1941,6183
40,1942,5830
40,1943,6394
40,1944,7460
40,1945,7654
40,1946,9615
40,1947,16247
40,1948,18963
40,1949,18824
40,1950,15146
40,1951,12572
40,1952,8918
40,1953,7438
40,1954,6175
40,1955,6259
40,1956,12178
40,1957,11048
40,1958,17039
40,1959,17661
40,1960,21870
40,1961,15573
40,1962,13465
40,1963,9675
40,1964,9376
40,1965,11089
40,1966,14773
40,1967,11198
40,1968,8562
40,1969,9498
40,1970,16365
41,1911,3180
41,1912,4496
41,1913,4177
41,1914,3167
41,1915,2092
41,1916,2188
41,1917,1121
41,1918,2461
41,1919,3251
41,1920,4727
41,1921,6001
41,1922,5804
41,1923,4524
41,1924,7396
41,1925,10753
41,1926,7454
41,1927,6696
41,1928,4731
41,1929,4558
41,1930,7980
41,1931,6236
41,1932,4823
41,1933,5757
41,1934,4343
41,1935,3312
41,1936,4929
41,1937,4972
41,1938,6701
41,1939,4406
41,1940,4951
41,1941,5329
41,1942,5240
41,1943,7562
41,1944,6821
41,1945,8367
41,1946,13516
41,1947,11049
41,1948,10196
41,1949,10010
41,1950,8970
41,1951,9147
41,1952,8967
41,1953,7941
41,1954,6456
41,1955,5523
41,1956,5606
41,1957,5936
41,1958,6093
41,1959,7992
41,1960,9655
41,1961,7561
42,1969,6333
42,1970,7947
42,1971,6883
42,1972,8053
42,1973,7553
42,1974,13277
42,1975,15824
42,1976,18231
42,1977,16991
42,1978,20619
42,1979,17987
42,1980,14062
43,1955,18330
43,1956,13184
43,1957,11702
43,1958,11860
43,1959,12515
43,1960,9935
43,1961,8548
43,1962,7848
43,1963,9412
43,1964,7932
43,1965,6523
43,1966,9555
43,1967,8971
43,1969,11005
43,1970,8773
43,1971,11244
43,1972,9190
44,1969,8268
45,1961,7360
46,1958,16528
46,1959,18469
47,1901,2377
47,1902,2767
47,1903,1815
47,1904,1689
47,1905,3273
47,1906,1732
47,1907,2959
47,1908,3388
47,1909,2665
47,1910,3306
49,1903,3161
49,1904,5852
49,1905,4121
49,1906,5720
49,1907,4667
49,1908,3968
49,1909,6506
49,1910,4622
49,1911,3928
49,1912,3187
50,1912,8395
50,1913,7778
50,1913,4767
50,1914,4554
50,1914,4609
50,1915,5156
50,1915,3122
50,1916,7078
50,1916,5939
50,1917,6253
50,1917,4404
50,1918,4582
50,1918,4210
50,1919,10273
50,1919,8482
50,1920,11620
50,1920,16746
50,1921,12322
50,1921,15778
50,1922,11972
50,1922,13326
51,1915,4824
51,1916,4019
51,1917,2263
51,1918,1633
51,1919,2462
51,1920,2196
51,1921,4306
51,1922,2210
51,1923,2958
51,1924,2335
51,1925,4125
51,1926,3943
51,1927,3901
51,1928,2987
51,1929,4836
51,1930,6037
51,1931,6603
51,1932,6592
51,1933,6725
51,1934,4043
51,1935,3103
51,1936,4311
51,1937,5070
51,1938,4549
51,1939,3918
51,1940,3222
51,1941,3469
51,1942,4019
51,1943,3523
51,1944,2676
51,1945,4989
51,1946,12593
51,1947,16589
51,1948,19151
51,1949,14049
51,1950,11954
51,1951,6250
51,1952,3653
53,1891,2708
53,1892,1628
53,1893,3062
53,1901,4991
53,1902,4693
53,1903,4088
53,1904,7143
53,1905,8383
53,1906,7408
53,1907,8434
53,1908,8155
53,1909,5906
53,1910,6988
54,1895,6506
54,1896,5174
54,1897,4329
54,1898,3277
54,1899,4686
54,1900,4313
54,1901,3405
54,1902,1624
54,1903,2487
54,1904,1928
54,1905,4183
54,1906,3827
54,1907,4550
54,1908,5393
54,1909,3937
54,1910,3803
54,1911,5474
54,1912,3333
54,1913,6026
54,1914,1775
54,1915,5920
54,1916,6524
54,1917,4664
54,1918,2145
54,1919,3386
54,1920,4299
54,1921,3605
54,1922,3019
54,1923,3042
54,1924,3945
54,1925,3960
54,1926,3166
54,1927,3916
54,1928,2429
54,1929,3700
54,1930,3883
54,1931,3748
54,1932,3492
54,1933,2173
54,1934,2393
54,1935,2601
54,1936,3195
54,1937,2876
54,1938,2215
55,1992,44047
55,1993,45000
55,1994,46097
55,1995,43034
55,1996,44475
55,1997,45816
55,1998,45490
55,1999,42385
55,2000,40704
55,2001,38686
55,2002,33117
55,2003,30303
55,2004,33877
55,2005,32404
55,2006,26582
55,2007,26726
55,2008,24376
55,2009,23545
55,2010,21395
55,2011,21672
55,2012,25954
55,2013,29106
55,2014,30426
55,2015,29246
55,2016,26819
55,2017,25042
55,2018,19311
55,2019,16146
55,2021,9793
55,2022,16893
55,2023,23911
55,2024,28162
55,2025,22267
56,1901,3126
56,1902,5754
56,1903,6306
56,1904,6485
56,1905,7494
56,1906,6700
56,1907,8570
56,1908,5834
57,1891,1939
57,1892,1991
57,1893,2521
57,1894,2120
57,1895,2806
57,1896,2985
57,1897,2553
57,1898,2012
57,1899,2963
57,1900,3771
57,1901,3652
57,1902,3434
57,1903,4669
57,1904,4367
57,1905,4732
57,1906,5128
57,1907,4149
57,1908,4967
57,1909,6772
58,1902,3104
58,1903,4627
58,1904,4961
58,1905,3974
58,1906,4231
58,1907,3920
58,1908,5184
58,1909,5308
58,1910,4943
58,1911,3659
59,1894,3515
59,1895,5706
59,1896,4669
59,1897,4883
59,1898,4768
59,1899,4143
59,1900,3228
59,1901,2930
59,1902,3663
59,1903,5290
59,1904,5629
59,1905,6295
59,1906,8282
59,1907,5560
59,1908,8530
59,1909,8227
59,1910,6833
59,1911,6857
59,1912,6590
59,1913,5513
59,1914,2665
59,1915,2819
60,1890,2235
60,1891,2527
60,1892,1927
60,1893,2974
60,1894,2425
60,1895,3559
60,1896,3582
60,1897,4997
60,1898,2902
60,1899,2505
60,1900,2767
60,1901,2093
60,1902,1624
60,1903,2105
60,1904,1781
60,1905,1974
60,1906,1885
60,1907,2746
60,1908,3253
60,1909,2568
60,1910,1911
60,1911,1547
60,1912,1532
60,1913,2701
60,1914,4847
61,1901,4195
61,1902,4909
61,1903,5419
61,1904,7695
61,1905,6089
61,1906,5327
61,1907,5600
61,1908,6143
61,1909,8920
61,1910,7308
61,1911,6631
62,1890,1808
62,1891,1455
62,1892,2456
62,1893,2943
62,1894,2394
62,1895,4323
62,1896,5652
62,1897,4953
62,1898,3780
62,1899,2949
62,1900,2698
62,1901,2857
63,1901,3706
63,1902,2828
63,1903,3454
63,1904,2251
63,1905,2545
63,1906,2231
63,1907,3760
63,1908,5592
63,1909,6288
63,1910,5017
63,1911,6381
64,1890,1641
64,1891,2521
64,1892,2355
64,1893,3507
64,1894,3101
64,1895,3433
64,1896,3092
64,1897,3155
64,1898,1656
64,1899,3457
64,1900,2507
64,1901,2915
64,1902,2897
64,1903,3078
64,1904,2824
64,1905,2960
64,1906,3650
64,1907,4058
64,1908,3579
64,1909,4067
64,1910,3492
64,1911,3635
64,1912,3197
65,1993,55350
65,1994,57570
66,1993,37838
66,1994,32838
66,1995,23950
66,1996,21565
66,1997,29190
66,1998,21363
66,1999,17118
66,2000,15041
66,2001,15765
66,2002,10038
66,2003,16089
66,2004,21539
66,2005,22872
66,2006,14372
66,2007,16920
66,2008,16482
66,2009,18075
66,2010,18826
66,2011,18772
67,1994,39121
67,1995,39483
67,1996,41477
67,1997,42034
67,1998,42806
67,1999,42820
67,2000,42670
67,2001,39694
67,2002,32308
67,2003,21358
67,2004,22400
67,2005,24861
67,2006,24667
67,2007,28449
67,2008,26787
67,2009,21805
67,2010,17181
67,2011,22726
67,2012,19797
67,2013,19419
67,2014,17746
67,2015,17361
67,2016,19650
67,2017,25286
67,2018,23786
67,2019,21465
67,2021,13758
67,2022,15998
67,2023,22643
67,2024,25703
67,2025,25325
68,1994,39733
68,1995,27582
68,1996,35667
68,1997,36361
68,1998,36141
68,1999,34216
68,2000,31956
68,2001,34525
68,2002,29042
68,2003,25857
68,2004,31033
68,2005,31176
68,2006,29491
68,2007,29060
68,2008,24021
68,2009,26617
68,2010,30928
68,2011,36382
68,2012,42720
68,2013,38759
68,2014,33565
68,2015,30764
68,2016,33462
68,2017,30960
68,2018,26014
68,2019,26333
69,1995,47084
69,1996,48037
69,1997,48006
69,1998,46823
69,1999,42976
69,2000,40681
69,2001,39097
69,2002,33800
69,2003,28816
69,2004,28865
69,2005,23634
69,2006,25980
69,2007,28979
69,2008,32719
69,2009,32902
69,2010,35497
69,2011,35923
69,2012,32475
69,2013,34492
69,2014,33090
69,2015,30948
69,2016,32130
69,2017,36465
69,2018,37233
69,2019,36954
69,2021,23934
69,2022,32067
69,2023,32197
69,2024,31360
69,2025,29687
70,1988,32921
70,1989,26796
70,1990,24771
70,1991,23009
70,1992,21589
70,1993,29839
70,1994,29396
70,1995,23360
70,1996,28136
70,1997,32254
70,1998,36484
70,1999,40651
70,2000,38193
70,2001,40811
70,2002,43323
70,2003,42263
70,2004,46609
70,2005,50502
70,2006,52445
70,2007,52729
70,2008,53070
70,2009,45918
70,2010,46491
70,2011,45107
70,2012,43733
70,2013,40489
70,2014,41995
70,2015,39430
70,2016,37820
70,2017,38950
70,2018,42998
70,2019,40795
70,2021,24196
70,2022,38719
70,2023,40358
70,2024,40862
70,2025,41885
71,2003,23945
71,2004,23834
71,2005,28924
71,2006,36511
71,2007,33141
71,2008,30496
71,2009,28200
71,2010,27091
71,2011,24705
71,2012,24271
71,2013,21832
71,2014,20381
71,2015,21677
71,2016,21559
71,2017,20117
71,2018,19862
71,2019,20622
71,2021,19708
71,2022,24807
71,2023,20613
71,2024,17046
71,2025,17849
72,1996,32774
72,1997,32519
72,1998,38972
72,1999,40317
72,2000,41191
72,2001,37922
72,2002,37182
72,2003,35931
72,2004,37635
72,2005,43691
72,2006,42589
72,2007,43854
72,2008,42382
72,2009,41275
72,2010,40756
72,2011,38197
72,2012,40273
72,2013,41602
72,2014,43712
72,2015,43468
72,2016,42525
72,2017,42572
72,2018,42020
72,2019,42968
72,2021,25957
72,2022,40994
72,2023,40013
72,2024,35532
72,2025,27778
73,1997,42771
73,1998,41492
73,1999,40554
73,2000,39930
73,2001,34858
73,2002,32142
73,2003,29643
73,2004,28735
73,2005,31126
73,2006,31488
73,2007,33891
73,2008,31270
73,2009,29304
73,2010,30989
73,2011,29296
73,2012,29879
73,2013,31465
73,2014,29065
73,2015,24709
73,2016,24950
74,1998,44571
74,1999,37280
74,2000,36324
74,2001,33783
74,2002,39494
74,2003,34636
74,2004,31106
74,2005,25425
74,2006,25823
74,2007,28707
74,2008,30987
74,2009,26281
74,2010,25391
74,2011,25993
74,2012,26884
74,2013,26357
74,2014,25602
74,2015,25681
74,2016,25138
74,2017,26350
74,2018,27688
74,2019,26364
74,2021,12877
74,2022,19817
74,2023,24212
74,2024,28912
74,2025,29555
75,1998,30942
75,1999,19294
75,2000,18121
75,2001,16029
75,2002,13157
75,2003,13070
75,2004,15936
75,2005,14095
75,2006,16901
75,2007,17131
75,2008,22370
75,2009,23148
75,2010,23025
75,2011,18879
75,2012,19255
75,2013,18646
75,2014,17858
75,2015,15322
75,2016,15879
75,2017,15477
75,2018,14259
75,2019,14552
75,2021,9396
75,2022,13927
75,2023,17781
75,2024,16515
75,2025,9713
76,2000,35983
76,2001,43300
76,2002,43740
76,2003,40352
76,2004,35863
76,2005,33648
76,2006,30632
76,2007,32588
76,2008,28762
76,2009,27105
76,2010,25749
76,2011,23411
76,2012,21258
76,2013,21747
76,2014,25486
76,2015,27081
76,2016,27999
76,2017,26364
76,2018,28389
76,2019,22112
76,2021,15012
76,2022,28238
76,2023,33215
76,2024,31553
76,2025,31334
77,2000,37730
77,2001,35855
77,2002,31078
77,2003,30299
77,2004,38122
77,2005,34627
77,2006,37318
77,2007,37289
77,2008,34744
77,2009,31124
77,2010,28784
77,2011,25519
77,2012,19849
77,2013,20394
77,2014,21628
77,2015,26587
77,2016,28477
77,2017,29675
77,2018,36797
77,2019,35276
77,2021,25537
77,2022,33198
77,2023,37683
77,2024,35003
77,2025,33677
78,2000,40973
78,2001,40888
78,2002,40163
78,2003,40307
78,2004,39718
78,2005,39272
78,2006,38646
78,2007,39793
78,2008,35356
78,2009,35335
78,2010,37499
78,2011,41819
78,2012,41696
78,2013,41087
78,2014,41589
78,2015,41678
78,2016,41546
78,2017,40786
78,2018,38965
78,2019,33429
78,2021,20734
78,2022,30650
78,2023,30866
78,2024,32688
78,2025,36121
79,2000,30106
79,2001,23720
79,2002,18795
79,2003,16892
79,2004,23667
79,2005,24993
79,2006,32049
79,2007,37619
79,2008,39539
79,2009,31693
79,2010,30386
79,2011,32618
79,2012,37383
79,2013,38067
79,2014,36015
79,2015,33655
79,2016,31173
79,2017,28662
79,2018,22926
79,2019,18536
79,2021,13613
79,2022,19214
79,2023,19912
79,2024,22942
79,2025,29796
80,2004,37244
80,2005,35429
80,2006,32837
80,2007,34445
80,2008,29970
80,2009,23699
80,2010,26318
80,2011,26457
80,2012,26219
80,2013,26749
80,2014,27103
80,2015,30367
80,2016,29030
80,2017,26401
80,2018,26772
80,2019,29585
80,2021,27061
80,2022,36882
80,2023,40390
80,2024,41118
80,2025,42435
81,2001,30430
81,2002,22312
81,2003,20207
81,2004,19750
81,2005,22435
81,2006,22982
81,2007,21594
81,2008,19865
81,2009,19480
81,2010,19919
81,2011,23956
81,2012,25826
81,2013,27862
81,2014,30155
81,2015,30847
81,2016,27768
81,2017,23697
81,2018,18316
81,2019,18413
81,2021,10611
81,2022,15524
81,2023,20131
81,2024,21239
81,2025,18827
82,2001,34704
82,2002,24311
82,2003,20992
82,2004,25462
82,2005,27297
82,2006,28835
82,2007,35422
82,2008,37882
82,2009,37499
82,2010,34278
82,2011,37918
82,2012,34955
82,2013,31248
82,2014,34536
82,2015,31390
82,2016,28575
82,2017,31282
82,2018,35196
82,2019,36091
82,2021,22522
82,2022,29906
82,2023,31498
82,2024,31323
82,2025,32717
83,2003,29077
83,2004,28238
83,2005,23696
83,2006,26353
83,2007,25415
83,2008,25415
83,2009,21579
83,2010,25439
83,2011,27328
83,2012,28978
83,2013,31151
83,2014,30576
83,2015,29870
83,2016,23384
83,2017,22678
83,2018,20116
83,2019,22334
83,2021,18581
83,2022,17232
83,2023,25164
83,2024,24990
83,2025,26802
84,2021,26053
84,2022,24832
84,2023,31272
84,2024,32735
84,2025,29593
85,2017,30929
85,2018,31553
85,2019,32777
85,2021,28746
85,2022,38641
85,2023,39401
85,2024,37182
85,2025,35842
86,2004,40125
86,2005,32905
86,2006,33356
86,2007,38374
86,2008,42254
86,2009,44453
86,2010,44968
86,2011,45441
86,2012,44021
86,2013,37190
86,2014,29924
86,2015,22606
86,2016,23644
86,2017,23523
86,2018,26644
86,2019,33672
86,2021,18715
86,2022,28108
86,2023,37686
86,2024,41527
86,2025,41672
87,2008,29005
87,2009,22435
87,2010,22569
87,2011,24256
87,2012,29269
87,2013,32746
87,2014,31844
87,2015,32344
87,2016,30641
87,2017,31173
87,2018,31230
87,2019,27899
87,2021,18093
87,2022,25017
87,2023,23035
87,2024,24288
87,2025,23664
88,2009,39118
88,2010,31602
88,2011,29044
88,2012,27689
88,2013,26366
88,2014,26528
88,2015,31725
88,2016,34440
88,2017,30378
88,2018,27469
88,2019,30155
88,2021,18666
88,2022,31663
88,2023,31772
88,2024,28757
88,2025,39316
89,2010,39798
89,2011,39113
89,2012,34276
89,2013,30588
89,2014,27785
89,2015,27408
89,2016,24246
89,2017,25324
89,2018,24188
89,2019,28436
89,2021,16175
89,2022,22236
89,2023,24372
89,2024,24094
89,2025,21836
90,2012,27401
90,2013,19584
90,2014,21386
90,2015,21633
90,2016,21405
90,2017,20295
90,2018,10014
90,2019,10016
90,2021,7934
90,2022,11204
90,2023,14356
90,2024,13425
90,2025,14281
91,2025,9487
